{
  "current-scene": "eaa52f27-a8f2-45b1-a0a6-8d5ae7b6545e",
  "gizmos-infos": {
    "iconGizmoSize": 2,
    "isGridVisible": true,
    "isIconGizmo3D": false
  },
  "camera-infos": {
    "eaa52f27-a8f2-45b1-a0a6-8d5ae7b6545e": {
      "position": {
        "x": -0.3058904174246472,
        "y": 0.9627539107743932,
        "z": 18.330141706783433
      },
      "rotation": {
        "w": 0.9872628219472805,
        "x": -0.06219214792643248,
        "y": 0.1434696103444612,
        "z": 0.009056929670253776
      },
      "viewCenter": {
        "x": -1.535360852234926,
        "y": 0.4163431956671916,
        "z": 14.189238402153425
      }
    },
    "f46876e4-e81b-4931-b493-6d367be385e7": {
      "position": {
        "x": 50,
        "y": 50,
        "z": 50
      },
      "rotation": {
        "w": 0.8804762392171493,
        "x": -0.27984814233312133,
        "y": 0.3647051996310009,
        "z": 0.11591689595929514
      },
      "viewCenter": {
        "x": 0,
        "y": 0,
        "z": 0
      }
    }
  },
  "camera-uuids": [
    "eaa52f27-a8f2-45b1-a0a6-8d5ae7b6545e"
  ]
}
