{
  "current-scene": "eaa52f27-a8f2-45b1-a0a6-8d5ae7b6545e",
  "gizmos-infos": {
    "iconGizmoSize": 2,
    "isGridVisible": true,
    "isIconGizmo3D": false
  },
  "camera-infos": {
    "eaa52f27-a8f2-45b1-a0a6-8d5ae7b6545e": {
      "position": {
        "x": 8.79314398571904,
        "y": 5.338581743488129,
        "z": 8.845360578175459
      },
      "rotation": {
        "w": 0.9445938538153864,
        "x": -0.18615142899354642,
        "y": 0.2601693029097961,
        "z": 0.05148102806483862
      },
      "viewCenter": {
        "x": 6.729288524952819,
        "y": 3.6849243802388636,
        "z": 5.382310059730508
      }
    },
    "f46876e4-e81b-4931-b493-6d367be385e7": {
      "position": {
        "x": 50,
        "y": 50,
        "z": 50
      },
      "rotation": {
        "w": 0.8804762392171493,
        "x": -0.27984814233312133,
        "y": 0.3647051996310009,
        "z": 0.11591689595929514
      },
      "viewCenter": {
        "x": 0,
        "y": 0,
        "z": 0
      }
    }
  },
  "camera-uuids": [
    "eaa52f27-a8f2-45b1-a0a6-8d5ae7b6545e"
  ]
}
